<?xml version = '1.0' encoding = 'UTF-8'?>
<Diagram class="oracle.dbtools.crest.swingui.logical.DPVLogical" name="Logical" id="98497133-AFA0-323B-4848-33435F3D09A3">
<createdBy>labsfiap</createdBy>
<modifiedBy>labsfiap</modifiedBy>
<createdTime>2025-04-04 00:56:10 UTC</createdTime>
<autoRoute>false</autoRoute>
<boxInbox>true</boxInbox>
<showLegend>false</showLegend>
<showLabels>false</showLabels>
<showRelAttributes>false</showRelAttributes>
<gridEnabled>false</gridEnabled>
<showGrid>false</showGrid>
<diagramColor>-1</diagramColor>
<display>false</display>
<notation>2</notation>
<objectViews>
<OView class="oracle.dbtools.crest.swingui.logical.TVEntity" oid="0E779A05-3448-4316-003E-5414CDFFEEA7" otype="Entity" vid="F53E5DB1-455F-91AE-6A92-831C70EC3822">
<hideElementsInCurrentOnly>false</hideElementsInCurrentOnly>
<bounds x="947" y="39" width="170" height="110"/>
</OView>
<OView class="oracle.dbtools.crest.swingui.logical.TVEntity" oid="7547AFFE-0B01-B27B-4594-702118278081" otype="Entity" vid="676908D1-EA3C-BC30-14C9-FF128B7CA45F">
<hideElementsInCurrentOnly>false</hideElementsInCurrentOnly>
<bounds x="31" y="557" width="208" height="74"/>
</OView>
<OView class="oracle.dbtools.crest.swingui.logical.TVEntity" oid="7CEAAC33-6DFB-C5B5-BA67-4F99EE3FC689" otype="Entity" vid="23A09671-B9E2-56F2-7C53-CEF14C041631">
<hideElementsInCurrentOnly>false</hideElementsInCurrentOnly>
<bounds x="617" y="547" width="208" height="74"/>
</OView>
<OView class="oracle.dbtools.crest.swingui.logical.TVEntity" oid="8681A2FD-F0A2-9EEE-9E8C-8F59853E9652" otype="Entity" vid="7D118A9E-52F9-3A28-CF10-90F4291723E0">
<hideElementsInCurrentOnly>false</hideElementsInCurrentOnly>
<bounds x="979" y="351" width="206" height="74"/>
</OView>
<OView class="oracle.dbtools.crest.swingui.logical.TVEntity" oid="8D4938ED-8417-4B30-8F5E-D5C983C452B9" otype="Entity" vid="BCF99C73-A0A9-41B8-52D1-1646F84964E6">
<hideElementsInCurrentOnly>false</hideElementsInCurrentOnly>
<bounds x="317" y="550" width="246" height="88"/>
</OView>
<OView class="oracle.dbtools.crest.swingui.logical.TVEntity" oid="A1E2025E-6923-C530-CD0A-189DC0BF581C" otype="Entity" vid="17A69424-DD0B-2D9B-609C-6E4DC6DAE05B">
<hideElementsInCurrentOnly>false</hideElementsInCurrentOnly>
<bounds x="122" y="42" width="250" height="74"/>
</OView>
<OView class="oracle.dbtools.crest.swingui.logical.TVEntity" oid="D82F6421-1103-D274-F0F3-D8C56BD08197" otype="Entity" vid="F9C0848D-67C0-2B78-F2A1-20F77A629998">
<hideElementsInCurrentOnly>false</hideElementsInCurrentOnly>
<bounds x="1611" y="354" width="201" height="74"/>
</OView>
<OView class="oracle.dbtools.crest.swingui.logical.TVEntity" oid="DEABB352-E5D5-E217-DAB7-6C5704B29982" otype="Entity" vid="C4186898-53C5-8C99-2CFC-5B9C8B61E14B">
<hideElementsInCurrentOnly>false</hideElementsInCurrentOnly>
<bounds x="351" y="267" width="187" height="74"/>
</OView>
<OView class="oracle.dbtools.crest.swingui.logical.TVEntity" oid="DEEC5AD1-328C-EE6E-42AB-FD64E711E503" otype="Entity" vid="453E1938-F905-5BCB-E728-2ADDFFE41424">
<hideElementsInCurrentOnly>false</hideElementsInCurrentOnly>
<bounds x="1304" y="337" width="170" height="110"/>
</OView>
<OView class="oracle.dbtools.crest.swingui.logical.TVEntity" oid="DF6E2DA9-02D5-C58C-299A-408EFC61A636" otype="Entity" vid="4077A15C-2585-6A3A-176C-11A20AC05D64">
<hideElementsInCurrentOnly>false</hideElementsInCurrentOnly>
<bounds x="562" y="26" width="255" height="102"/>
</OView>
<OView class="oracle.dbtools.crest.swingui.logical.TVEntity" oid="DFBB4B42-6070-EAE3-9930-ECD9207B87A0" otype="Entity" vid="040239C5-F07E-DA27-2404-26149D128D09">
<hideElementsInCurrentOnly>false</hideElementsInCurrentOnly>
<bounds x="598" y="183" width="214" height="74"/>
</OView>
<OView class="oracle.dbtools.crest.swingui.logical.TVEntity" oid="E8985525-53EB-7926-D709-301575720A8F" otype="Entity" vid="276EB4E5-88E5-DD00-F18F-B68E9169CC5B">
<hideElementsInCurrentOnly>false</hideElementsInCurrentOnly>
<bounds x="45" y="244" width="180" height="88"/>
</OView>
</objectViews>
<connectors>
<Connector class="oracle.dbtools.crest.swingui.logical.TVRelation" oid="04E982AB-6FF7-432E-FD6F-FD475940570A" otype="Relation" vid_source="C4186898-53C5-8C99-2CFC-5B9C8B61E14B" vid_target="276EB4E5-88E5-DD00-F18F-B68E9169CC5B">
<hideElementsInCurrentOnly>false</hideElementsInCurrentOnly>
<backgroundColor>-16777216</backgroundColor>
<lineWidth>1</lineWidth>
<points>
<point x="351" y="310"/>
<point x="225" y="310"/>
</points>
</Connector>
<Connector class="oracle.dbtools.crest.swingui.logical.TVRelation" oid="1D32BB9F-A01F-3783-468B-0199CE82B4AB" otype="Relation" vid_source="F9C0848D-67C0-2B78-F2A1-20F77A629998" vid_target="453E1938-F905-5BCB-E728-2ADDFFE41424">
<hideElementsInCurrentOnly>false</hideElementsInCurrentOnly>
<backgroundColor>-16777216</backgroundColor>
<lineWidth>1</lineWidth>
<points>
<point x="1611" y="391"/>
<point x="1474" y="391"/>
</points>
</Connector>
<Connector class="oracle.dbtools.crest.swingui.logical.TVRelation" oid="6FFB4487-250E-41B1-29FA-C53A12F99372" otype="Relation" vid_source="23A09671-B9E2-56F2-7C53-CEF14C041631" vid_target="BCF99C73-A0A9-41B8-52D1-1646F84964E6">
<hideElementsInCurrentOnly>false</hideElementsInCurrentOnly>
<backgroundColor>-16777216</backgroundColor>
<lineWidth>1</lineWidth>
<points>
<point x="617" y="603"/>
<point x="487" y="638"/>
</points>
</Connector>
<Connector class="oracle.dbtools.crest.swingui.logical.TVRelation" oid="838DB385-0551-F342-6196-F01C0F34DE85" otype="Relation" vid_source="17A69424-DD0B-2D9B-609C-6E4DC6DAE05B" vid_target="4077A15C-2585-6A3A-176C-11A20AC05D64">
<hideElementsInCurrentOnly>false</hideElementsInCurrentOnly>
<backgroundColor>-16777216</backgroundColor>
<lineWidth>1</lineWidth>
<points>
<point x="372" y="79"/>
<point x="562" y="79"/>
</points>
</Connector>
<Connector class="oracle.dbtools.crest.swingui.logical.TVRelation" oid="A0D49BFE-D52E-DE02-784C-ACE6DD24BF38" otype="Relation" vid_source="676908D1-EA3C-BC30-14C9-FF128B7CA45F" vid_target="BCF99C73-A0A9-41B8-52D1-1646F84964E6">
<hideElementsInCurrentOnly>false</hideElementsInCurrentOnly>
<backgroundColor>-16777216</backgroundColor>
<lineWidth>1</lineWidth>
<points>
<point x="201" y="631"/>
<point x="317" y="608"/>
</points>
</Connector>
<Connector class="oracle.dbtools.crest.swingui.logical.TVRelation" oid="BBA1F773-E2C7-689F-0784-E1A510DB087B" otype="Relation" vid_source="7D118A9E-52F9-3A28-CF10-90F4291723E0" vid_target="453E1938-F905-5BCB-E728-2ADDFFE41424">
<hideElementsInCurrentOnly>false</hideElementsInCurrentOnly>
<backgroundColor>-16777216</backgroundColor>
<lineWidth>1</lineWidth>
<points>
<point x="1185" y="403"/>
<point x="1304" y="403"/>
</points>
</Connector>
<Connector class="oracle.dbtools.crest.swingui.logical.TVRelation" oid="CDDCBE23-15DB-658F-E7FB-0341ABA7B406" otype="Relation" vid_source="F53E5DB1-455F-91AE-6A92-831C70EC3822" vid_target="4077A15C-2585-6A3A-176C-11A20AC05D64">
<hideElementsInCurrentOnly>false</hideElementsInCurrentOnly>
<backgroundColor>-16777216</backgroundColor>
<lineWidth>1</lineWidth>
<points>
<point x="947" y="83"/>
<point x="817" y="83"/>
</points>
</Connector>
<Connector class="oracle.dbtools.crest.swingui.logical.TVRelation" oid="D1A6706C-391E-627D-78FB-DB8E485914DE" otype="Relation" vid_source="040239C5-F07E-DA27-2404-26149D128D09" vid_target="4077A15C-2585-6A3A-176C-11A20AC05D64">
<hideElementsInCurrentOnly>false</hideElementsInCurrentOnly>
<backgroundColor>-16777216</backgroundColor>
<lineWidth>1</lineWidth>
<points>
<point x="718" y="183"/>
<point x="718" y="128"/>
</points>
</Connector>
</connectors>
</Diagram>