<?xml version = '1.0' encoding = 'UTF-8'?>
<Relation class="oracle.dbtools.crest.model.design.logical.Relation" name="FK_PACIENTE_TELEFONE" directorySegmentName="seg_0" id="860DE2A8-3A44-E38F-57C4-FCBC1B3F55F3">
<createdBy>labsfiap</createdBy>
<createdTime>2025-04-11 01:42:51 UTC</createdTime>
<ownerDesignName>AA</ownerDesignName>
<engineerTo>
<item key="BB9B65D6-C5F3-6E06-7703-46FD7760265C" value="true"/>
</engineerTo>
<sourcePk>E11537FC-B178-8881-646A-4494754BA8AD</sourcePk>
<identifying>false</identifying>
<optionalSource>false</optionalSource>
<optionalTarget>false</optionalTarget>
<sourceCardinality>1</sourceCardinality>
<sourceEntity>C7F16767-0ABA-6C59-E589-76A15C9AC247</sourceEntity>
<targetCardinalityString>*</targetCardinalityString>
<targetEntity>7080C478-7FCA-34EB-2300-4389986A2B8B</targetEntity>
<transferable>true</transferable>
<deleteRule>NO ACTION</deleteRule>
</Relation>