<?xml version = '1.0' encoding = 'UTF-8'?>
<Relation class="oracle.dbtools.crest.model.design.logical.Relation" name="FK_PACIENTE_TELEFONEv2" directorySegmentName="seg_0" id="F91EDA09-C987-AEED-870A-7DD088FAE0F3">
<createdBy>labsfiap</createdBy>
<createdTime>2025-04-11 01:45:53 UTC</createdTime>
<ownerDesignName>AA</ownerDesignName>
<engineerTo>
<item key="BB9B65D6-C5F3-6E06-7703-46FD7760265C" value="true"/>
</engineerTo>
<sourcePk>E11537FC-B178-8881-646A-4494754BA8AD</sourcePk>
<identifying>false</identifying>
<optionalSource>false</optionalSource>
<optionalTarget>false</optionalTarget>
<sourceCardinality>1</sourceCardinality>
<sourceEntity>C7F16767-0ABA-6C59-E589-76A15C9AC247</sourceEntity>
<targetCardinalityString>*</targetCardinalityString>
<targetEntity>E89C2C64-8B20-5156-3A23-CA330A5184F1</targetEntity>
<transferable>true</transferable>
<deleteRule>NO ACTION</deleteRule>
</Relation>