<?xml version = '1.0' encoding = 'UTF-8'?>
<Diagram class="oracle.dbtools.crest.swingui.logical.DPVLogical" name="Logical" id="DBBBD587-E78F-F886-7F38-EBECC170D85B">
<createdBy>labsfiap</createdBy>
<modifiedBy>labsfiap</modifiedBy>
<createdTime>2025-04-11 00:55:16 UTC</createdTime>
<autoRoute>false</autoRoute>
<boxInbox>true</boxInbox>
<showLegend>false</showLegend>
<showLabels>false</showLabels>
<showRelAttributes>false</showRelAttributes>
<gridEnabled>false</gridEnabled>
<showGrid>false</showGrid>
<diagramColor>-1</diagramColor>
<display>false</display>
<notation>2</notation>
<objectViews>
<OView class="oracle.dbtools.crest.swingui.logical.TVEntity" oid="367E63A9-4B3B-202C-C96A-37FA88C6CF1E" otype="Entity" vid="50C5828D-11F6-5E34-880D-C407B69DA5A5">
<hideElementsInCurrentOnly>false</hideElementsInCurrentOnly>
<bounds x="626" y="192" width="170" height="110"/>
</OView>
<OView class="oracle.dbtools.crest.swingui.logical.TVEntity" oid="7080C478-7FCA-34EB-2300-4389986A2B8B" otype="Entity" vid="2ED79CFF-3DA7-FE98-D8A2-E248A32887D4">
<hideElementsInCurrentOnly>false</hideElementsInCurrentOnly>
<bounds x="313" y="1" width="170" height="110"/>
</OView>
<OView class="oracle.dbtools.crest.swingui.logical.TVEntity" oid="C7F16767-0ABA-6C59-E589-76A15C9AC247" otype="Entity" vid="E846059C-F69B-0708-9532-4D14E22D2833">
<hideElementsInCurrentOnly>false</hideElementsInCurrentOnly>
<bounds x="0" y="2" width="237" height="228"/>
</OView>
<OView class="oracle.dbtools.crest.swingui.logical.TVEntity" oid="E89C2C64-8B20-5156-3A23-CA330A5184F1" otype="Entity" vid="A4181042-B102-C27A-3C82-62A8C42B46A4">
<hideElementsInCurrentOnly>false</hideElementsInCurrentOnly>
<bounds x="313" y="115" width="170" height="110"/>
</OView>
</objectViews>
<connectors>
<Connector class="oracle.dbtools.crest.swingui.logical.TVRelation" oid="860DE2A8-3A44-E38F-57C4-FCBC1B3F55F3" otype="Relation" vid_source="E846059C-F69B-0708-9532-4D14E22D2833" vid_target="2ED79CFF-3DA7-FE98-D8A2-E248A32887D4">
<hideElementsInCurrentOnly>false</hideElementsInCurrentOnly>
<backgroundColor>-16777216</backgroundColor>
<lineWidth>1</lineWidth>
<points>
<point x="237" y="56"/>
<point x="313" y="56"/>
</points>
</Connector>
<Connector class="oracle.dbtools.crest.swingui.logical.TVRelation" oid="F91EDA09-C987-AEED-870A-7DD088FAE0F3" otype="Relation" vid_source="E846059C-F69B-0708-9532-4D14E22D2833" vid_target="A4181042-B102-C27A-3C82-62A8C42B46A4">
<hideElementsInCurrentOnly>false</hideElementsInCurrentOnly>
<backgroundColor>-16777216</backgroundColor>
<lineWidth>1</lineWidth>
<points>
<point x="237" y="170"/>
<point x="313" y="170"/>
</points>
</Connector>
</connectors>
</Diagram>