<?xml version = '1.0' encoding = 'UTF-8'?>
<Relation class="oracle.dbtools.crest.model.design.logical.Relation" name="FK_CLIENTE_PEDIDO" directorySegmentName="seg_0" id="04E982AB-6FF7-432E-FD6F-FD475940570A">
<createdBy>labsfiap</createdBy>
<createdTime>2025-04-04 01:26:50 UTC</createdTime>
<ownerDesignName>aula05</ownerDesignName>
<engineerTo>
<item key="6067B239-EF0A-E2F2-9DCC-7DF022C46DFB" value="true"/>
</engineerTo>
<sourcePk>41489D98-E145-D426-F3F6-5AFD2CA75880</sourcePk>
<identifying>false</identifying>
<optionalSource>true</optionalSource>
<optionalTarget>false</optionalTarget>
<sourceCardinality>1</sourceCardinality>
<sourceEntity>DEABB352-E5D5-E217-DAB7-6C5704B29982</sourceEntity>
<targetCardinalityString>*</targetCardinalityString>
<targetEntity>E8985525-53EB-7926-D709-301575720A8F</targetEntity>
<transferable>true</transferable>
<deleteRule>NO ACTION</deleteRule>
</Relation>