<?xml version = '1.0' encoding = 'UTF-8'?>
<Relation class="oracle.dbtools.crest.model.design.logical.Relation" name="TK_LIVRO_AUTOR" directorySegmentName="seg_0" id="1D32BB9F-A01F-3783-468B-0199CE82B4AB">
<createdBy>labsfiap</createdBy>
<createdTime>2025-04-04 02:07:35 UTC</createdTime>
<ownerDesignName>aula05</ownerDesignName>
<engineerTo>
<item key="6067B239-EF0A-E2F2-9DCC-7DF022C46DFB" value="true"/>
</engineerTo>
<sourcePk>7C9C0C58-F1BF-B4A9-E57E-AB10C535EAE3</sourcePk>
<identifying>false</identifying>
<optionalSource>true</optionalSource>
<optionalTarget>false</optionalTarget>
<sourceCardinality>1</sourceCardinality>
<sourceEntity>D82F6421-1103-D274-F0F3-D8C56BD08197</sourceEntity>
<targetCardinalityString>*</targetCardinalityString>
<targetEntity>DEEC5AD1-328C-EE6E-42AB-FD64E711E503</targetEntity>
<transferable>true</transferable>
<deleteRule>NO ACTION</deleteRule>
</Relation>