<?xml version = '1.0' encoding = 'UTF-8'?>
<Relation class="oracle.dbtools.crest.model.design.logical.Relation" name="TK_PACI_ATENDI" directorySegmentName="seg_0" id="6FFB4487-250E-41B1-29FA-C53A12F99372">
<createdBy>labsfiap</createdBy>
<createdTime>2025-04-04 02:01:32 UTC</createdTime>
<ownerDesignName>aula05</ownerDesignName>
<engineerTo>
<item key="6067B239-EF0A-E2F2-9DCC-7DF022C46DFB" value="true"/>
</engineerTo>
<sourcePk>8848068E-0487-E4B6-F040-C20BD9D435E7</sourcePk>
<identifying>false</identifying>
<optionalSource>false</optionalSource>
<optionalTarget>false</optionalTarget>
<sourceCardinality>1</sourceCardinality>
<sourceEntity>7CEAAC33-6DFB-C5B5-BA67-4F99EE3FC689</sourceEntity>
<targetCardinalityString>*</targetCardinalityString>
<targetEntity>8D4938ED-8417-4B30-8F5E-D5C983C452B9</targetEntity>
<transferable>true</transferable>
<deleteRule>NO ACTION</deleteRule>
</Relation>