<?xml version = '1.0' encoding = 'UTF-8'?>
<Relation class="oracle.dbtools.crest.model.design.logical.Relation" name="FK_DEPARTO_FUNCIONARIO" directorySegmentName="seg_0" id="838DB385-0551-F342-6196-F01C0F34DE85">
<createdBy>labsfiap</createdBy>
<createdTime>2025-04-04 01:10:53 UTC</createdTime>
<ownerDesignName>aula05</ownerDesignName>
<engineerTo>
<item key="6067B239-EF0A-E2F2-9DCC-7DF022C46DFB" value="true"/>
</engineerTo>
<sourcePk>310F3058-5128-C969-6608-AA65FF215FB5</sourcePk>
<identifying>false</identifying>
<optionalSource>true</optionalSource>
<optionalTarget>false</optionalTarget>
<sourceCardinality>1</sourceCardinality>
<sourceEntity>A1E2025E-6923-C530-CD0A-189DC0BF581C</sourceEntity>
<targetCardinalityString>*</targetCardinalityString>
<targetEntity>DF6E2DA9-02D5-C58C-299A-408EFC61A636</targetEntity>
<transferable>true</transferable>
<deleteRule>NO ACTION</deleteRule>
</Relation>