<?xml version = '1.0' encoding = 'UTF-8'?>
<Relation class="oracle.dbtools.crest.model.design.logical.Relation" name="TK_MEDIC_ATENDIMENT" directorySegmentName="seg_0" id="A0D49BFE-D52E-DE02-784C-ACE6DD24BF38">
<createdBy>labsfiap</createdBy>
<createdTime>2025-04-04 02:01:12 UTC</createdTime>
<ownerDesignName>aula05</ownerDesignName>
<engineerTo>
<item key="6067B239-EF0A-E2F2-9DCC-7DF022C46DFB" value="true"/>
</engineerTo>
<sourcePk>9004570C-503C-2C3C-2F31-A672445D3AEF</sourcePk>
<identifying>false</identifying>
<optionalSource>true</optionalSource>
<optionalTarget>false</optionalTarget>
<sourceCardinality>1</sourceCardinality>
<sourceEntity>7547AFFE-0B01-B27B-4594-702118278081</sourceEntity>
<targetCardinalityString>*</targetCardinalityString>
<targetEntity>8D4938ED-8417-4B30-8F5E-D5C983C452B9</targetEntity>
<transferable>true</transferable>
<deleteRule>NO ACTION</deleteRule>
</Relation>