<?xml version = '1.0' encoding = 'UTF-8'?>
<Relation class="oracle.dbtools.crest.model.design.logical.Relation" name="FK_AUTOR_LIVRO" directorySegmentName="seg_0" id="BBA1F773-E2C7-689F-0784-E1A510DB087B">
<createdBy>labsfiap</createdBy>
<createdTime>2025-04-04 02:06:29 UTC</createdTime>
<ownerDesignName>aula05</ownerDesignName>
<engineerTo>
<item key="6067B239-EF0A-E2F2-9DCC-7DF022C46DFB" value="true"/>
</engineerTo>
<sourcePk>12A68973-0437-E755-D5EC-DD7B237BBE32</sourcePk>
<identifying>false</identifying>
<optionalSource>false</optionalSource>
<optionalTarget>false</optionalTarget>
<sourceCardinality>1</sourceCardinality>
<sourceEntity>8681A2FD-F0A2-9EEE-9E8C-8F59853E9652</sourceEntity>
<targetCardinalityString>*</targetCardinalityString>
<targetEntity>DEEC5AD1-328C-EE6E-42AB-FD64E711E503</targetEntity>
<transferable>true</transferable>
<deleteRule>NO ACTION</deleteRule>
</Relation>