<?xml version = '1.0' encoding = 'UTF-8'?>
<Relation class="oracle.dbtools.crest.model.design.logical.Relation" name="TK_FUNCIONARIO_LOGIN" directorySegmentName="seg_0" id="CDDCBE23-15DB-658F-E7FB-0341ABA7B406">
<createdBy>labsfiap</createdBy>
<createdTime>2025-04-04 02:11:34 UTC</createdTime>
<ownerDesignName>aula05</ownerDesignName>
<engineerTo>
<item key="6067B239-EF0A-E2F2-9DCC-7DF022C46DFB" value="true"/>
</engineerTo>
<sourcePk>D24197DB-E6CD-503B-5F2A-5891393E2914</sourcePk>
<targetPk>1EA71AC9-E79C-7110-AD19-95C8C5142D14</targetPk>
<identifying>false</identifying>
<optionalSource>false</optionalSource>
<optionalTarget>false</optionalTarget>
<sourceCardinality>1</sourceCardinality>
<sourceEntity>0E779A05-3448-4316-003E-5414CDFFEEA7</sourceEntity>
<targetCardinalityString>1</targetCardinalityString>
<targetEntity>DF6E2DA9-02D5-C58C-299A-408EFC61A636</targetEntity>
<transferable>true</transferable>
<deleteRule>NO ACTION</deleteRule>
</Relation>