<?xml version = '1.0' encoding = 'UTF-8'?>
<Relation class="oracle.dbtools.crest.model.design.logical.Relation" name="FK_DEPENDE_FUNCIONARIO" directorySegmentName="seg_0" id="D1A6706C-391E-627D-78FB-DB8E485914DE">
<createdBy>labsfiap</createdBy>
<createdTime>2025-04-04 01:18:26 UTC</createdTime>
<ownerDesignName>aula05</ownerDesignName>
<engineerTo>
<item key="6067B239-EF0A-E2F2-9DCC-7DF022C46DFB" value="true"/>
</engineerTo>
<sourcePk>6822BADF-B41F-72CF-90DA-E14AB4A452B3</sourcePk>
<identifying>false</identifying>
<optionalSource>true</optionalSource>
<optionalTarget>false</optionalTarget>
<sourceCardinality>1</sourceCardinality>
<sourceEntity>DFBB4B42-6070-EAE3-9930-ECD9207B87A0</sourceEntity>
<targetCardinalityString>*</targetCardinalityString>
<targetEntity>DF6E2DA9-02D5-C58C-299A-408EFC61A636</targetEntity>
<transferable>true</transferable>
<deleteRule>NO ACTION</deleteRule>
</Relation>