<?xml version = '1.0' encoding = 'UTF-8'?>
<relationalModel class="oracle.dbtools.crest.model.design.relational.RelationalDesign" name="Relational_1" id="E718D95C-D852-7A1E-3A05-1514ADAEDE51" mainViewID="870677C4-421A-CEFD-1470-1BBDDE15F901">
<createdBy>labsfiap</createdBy>
<createdTime>2025-03-28 00:31:29 UTC</createdTime>
<ownerDesignName>exec04-johnny</ownerDesignName>
<shouldBeOpen>true</shouldBeOpen>
<selectedRDBMSSite>32076570-2523-435C-2E92-BF29817DFF70</selectedRDBMSSite>
</relationalModel>