<?xml version = '1.0' encoding = 'UTF-8'?>
<Entity class="oracle.dbtools.crest.model.design.logical.Entity" directorySegmentName="seg_0" id="367E63A9-4B3B-202C-C96A-37FA88C6CF1E" name="RHSTU_CT_EMERGENCIA">
<createdBy>labsfiap</createdBy>
<createdTime>2025-04-11 01:55:31 UTC</createdTime>
<ownerDesignName>AA</ownerDesignName>
<engineerTo>
<item key="BB9B65D6-C5F3-6E06-7703-46FD7760265C" value="true"/>
</engineerTo>
<adequatelyNormalized>NO</adequatelyNormalized>
<expectedVolumes>0</expectedVolumes>
<fwdEngineeringStrategyName>Single Table</fwdEngineeringStrategyName>
<growthPercent>0</growthPercent>
<growthType>Year</growthType>
<maxVolumes>9999999</maxVolumes>
<minVolumes>0</minVolumes>
<normalForm>Third</normalForm>
<attributes itemClass="oracle.dbtools.crest.model.design.logical.Attribute">
<Attribute name="NM_COMPLETO1" id="37671136-AA1A-3244-38FC-2D70BF143A40">
<createdBy>labsfiap</createdBy>
<createdTime>2025-04-11 01:56:15 UTC</createdTime>
<comment><![CDATA[Nome de contato de emergencia do paciente]]></comment>
<commentInRDBMS><![CDATA[Nome de contato de emergencia do paciente]]></commentInRDBMS>
<notes><![CDATA[Nome de contato de emergencia do paciente]]></notes>
<ownerDesignName>AA</ownerDesignName>
<engineerTo>
<item key="BB9B65D6-C5F3-6E06-7703-46FD7760265C" value="true"/>
</engineerTo>
<nullsAllowed>true</nullsAllowed>
<useDomainConstraints>false</useDomainConstraints>
<use>1</use>
<logicalDatatype>LOGDT024</logicalDatatype>
<dataTypeSize>200</dataTypeSize>
<ownDataTypeParameters>200,,</ownDataTypeParameters>
</Attribute>
</attributes>
</Entity>