<?xml version = '1.0' encoding = 'UTF-8'?>
<Entity class="oracle.dbtools.crest.model.design.logical.Entity" directorySegmentName="seg_0" id="7080C478-7FCA-34EB-2300-4389986A2B8B" name="RHSTU_TELEFONE">
<createdBy>labsfiap</createdBy>
<createdTime>2025-04-11 01:29:22 UTC</createdTime>
<ownerDesignName>AA</ownerDesignName>
<engineerTo>
<item key="BB9B65D6-C5F3-6E06-7703-46FD7760265C" value="true"/>
</engineerTo>
<adequatelyNormalized>NO</adequatelyNormalized>
<expectedVolumes>0</expectedVolumes>
<fwdEngineeringStrategyName>Single Table</fwdEngineeringStrategyName>
<growthPercent>0</growthPercent>
<growthType>Year</growthType>
<maxVolumes>9999999</maxVolumes>
<minVolumes>0</minVolumes>
<normalForm>Third</normalForm>
<attributes itemClass="oracle.dbtools.crest.model.design.logical.Attribute">
<Attribute name="TELEFONE" id="1693F179-C540-4337-7210-5CE93C86C598">
<createdBy>labsfiap</createdBy>
<createdTime>2025-04-11 01:41:07 UTC</createdTime>
<comment><![CDATA[Numero do paciente]]></comment>
<commentInRDBMS><![CDATA[Numero do paciente]]></commentInRDBMS>
<notes><![CDATA[Numero do paciente]]></notes>
<ownerDesignName>AA</ownerDesignName>
<engineerTo>
<item key="BB9B65D6-C5F3-6E06-7703-46FD7760265C" value="true"/>
</engineerTo>
<useDomainConstraints>false</useDomainConstraints>
<use>1</use>
<logicalDatatype>LOGDT024</logicalDatatype>
<dataTypeSize>20</dataTypeSize>
<ownDataTypeParameters>20,,</ownDataTypeParameters>
</Attribute>
<Attribute name="ID_PACIENTE" id="5F82739C-16C5-B327-7551-F63246765BA4">
<createdBy>labsfiap</createdBy>
<createdTime>2025-04-11 01:43:20 UTC</createdTime>
<comment><![CDATA[Id do paciente]]></comment>
<generatorID>860DE2A8-3A44-E38F-57C4-FCBC1B3F55F3</generatorID>
<ownerDesignName>AA</ownerDesignName>
<engineerTo>
<item key="BB9B65D6-C5F3-6E06-7703-46FD7760265C" value="true"/>
</engineerTo>
<referedAttribute>F8B9DA04-575C-B61B-C72D-16ABBC8CD3FA</referedAttribute>
<useDomainConstraints>false</useDomainConstraints>
<use>1</use>
<logicalDatatype>LOGDT019</logicalDatatype>
<dataTypePrecision>10</dataTypePrecision>
<ownDataTypeParameters>,,</ownDataTypeParameters>
</Attribute>
</attributes>
</Entity>