<?xml version = '1.0' encoding = 'UTF-8'?>
<Entity class="oracle.dbtools.crest.model.design.logical.Entity" directorySegmentName="seg_0" id="C7F16767-0ABA-6C59-E589-76A15C9AC247" name="RHSTU_PACIENTE">
<createdBy>labsfiap</createdBy>
<createdTime>2025-04-11 00:55:48 UTC</createdTime>
<ownerDesignName>AA</ownerDesignName>
<engineerTo>
<item key="BB9B65D6-C5F3-6E06-7703-46FD7760265C" value="true"/>
</engineerTo>
<adequatelyNormalized>NO</adequatelyNormalized>
<expectedVolumes>0</expectedVolumes>
<fwdEngineeringStrategyName>Single Table</fwdEngineeringStrategyName>
<growthPercent>0</growthPercent>
<growthType>Year</growthType>
<maxVolumes>9999999</maxVolumes>
<minVolumes>0</minVolumes>
<normalForm>Third</normalForm>
<attributes itemClass="oracle.dbtools.crest.model.design.logical.Attribute">
<Attribute name="ID_PACIENTE" id="F8B9DA04-575C-B61B-C72D-16ABBC8CD3FA">
<createdBy>labsfiap</createdBy>
<createdTime>2025-04-11 01:18:14 UTC</createdTime>
<comment><![CDATA[Id do paciente]]></comment>
<commentInRDBMS><![CDATA[Id do paciente]]></commentInRDBMS>
<notes><![CDATA[Id do paciente]]></notes>
<ownerDesignName>AA</ownerDesignName>
<engineerTo>
<item key="BB9B65D6-C5F3-6E06-7703-46FD7760265C" value="true"/>
</engineerTo>
<useDomainConstraints>false</useDomainConstraints>
<use>1</use>
<logicalDatatype>LOGDT019</logicalDatatype>
<dataTypePrecision>10</dataTypePrecision>
<ownDataTypeParameters>,10,</ownDataTypeParameters>
</Attribute>
<Attribute name="NM_COMPLETO" id="967A80B4-AA2F-62DF-EC64-DDBF8F56640E">
<createdBy>labsfiap</createdBy>
<createdTime>2025-04-11 00:56:38 UTC</createdTime>
<comment><![CDATA[Nome completo do paciente]]></comment>
<commentInRDBMS><![CDATA[Nome completo do paciente]]></commentInRDBMS>
<notes><![CDATA[Nome completo do paciente]]></notes>
<ownerDesignName>AA</ownerDesignName>
<engineerTo>
<item key="BB9B65D6-C5F3-6E06-7703-46FD7760265C" value="true"/>
</engineerTo>
<useDomainConstraints>false</useDomainConstraints>
<use>1</use>
<logicalDatatype>LOGDT024</logicalDatatype>
<dataTypeSize>200</dataTypeSize>
<ownDataTypeParameters>200,,</ownDataTypeParameters>
</Attribute>
<Attribute name="NR_CPF" id="9A5E1245-2899-BAB3-157B-9E3521ED70BC">
<createdBy>labsfiap</createdBy>
<createdTime>2025-04-11 01:00:18 UTC</createdTime>
<comment><![CDATA[Cpf do paciente]]></comment>
<commentInRDBMS><![CDATA[Cpf do paciente]]></commentInRDBMS>
<notes><![CDATA[Cpf do paciente]]></notes>
<ownerDesignName>AA</ownerDesignName>
<engineerTo>
<item key="BB9B65D6-C5F3-6E06-7703-46FD7760265C" value="true"/>
</engineerTo>
<useDomainConstraints>false</useDomainConstraints>
<use>1</use>
<logicalDatatype>LOGDT019</logicalDatatype>
<dataTypePrecision>14</dataTypePrecision>
<ownDataTypeParameters>,14,</ownDataTypeParameters>
</Attribute>
<Attribute name="NR_RG" id="043B59DC-28F7-B88B-9EC9-46B4BE1889A5">
<createdBy>labsfiap</createdBy>
<createdTime>2025-04-11 01:08:45 UTC</createdTime>
<comment><![CDATA[Rg do paciente ]]></comment>
<commentInRDBMS><![CDATA[Rg do paciente ]]></commentInRDBMS>
<notes><![CDATA[Rg do paciente ]]></notes>
<ownerDesignName>AA</ownerDesignName>
<engineerTo>
<item key="BB9B65D6-C5F3-6E06-7703-46FD7760265C" value="true"/>
</engineerTo>
<useDomainConstraints>false</useDomainConstraints>
<use>1</use>
<logicalDatatype>LOGDT019</logicalDatatype>
<dataTypePrecision>20</dataTypePrecision>
<ownDataTypeParameters>,20,</ownDataTypeParameters>
</Attribute>
<Attribute name="DT_NASCIMENTO" id="41320F1E-D27F-19D8-5ABC-1B7F87F63FBE">
<createdBy>labsfiap</createdBy>
<createdTime>2025-04-11 01:09:41 UTC</createdTime>
<comment><![CDATA[Data de nascimento do paciente]]></comment>
<commentInRDBMS><![CDATA[Data de nascimento do paciente]]></commentInRDBMS>
<notes><![CDATA[Data de nascimento do paciente]]></notes>
<ownerDesignName>AA</ownerDesignName>
<engineerTo>
<item key="BB9B65D6-C5F3-6E06-7703-46FD7760265C" value="true"/>
</engineerTo>
<useDomainConstraints>false</useDomainConstraints>
<use>1</use>
<logicalDatatype>LOGDT007</logicalDatatype>
<ownDataTypeParameters>,,</ownDataTypeParameters>
</Attribute>
<Attribute name="SEXUALIDADE" id="9337AC07-017B-75E8-3884-835C79D5B7B8">
<createdBy>labsfiap</createdBy>
<createdTime>2025-04-11 01:10:43 UTC</createdTime>
<comment><![CDATA[SEXUALIDADE DO PACIENTE]]></comment>
<commentInRDBMS><![CDATA[SEXUALIDADE DO PACIENTE]]></commentInRDBMS>
<notes><![CDATA[SEXUALIDADE DO PACIENTE]]></notes>
<ownerDesignName>AA</ownerDesignName>
<engineerTo>
<item key="BB9B65D6-C5F3-6E06-7703-46FD7760265C" value="true"/>
</engineerTo>
<useDomainConstraints>false</useDomainConstraints>
<use>1</use>
<logicalDatatype>LOGDT025</logicalDatatype>
<dataTypeSize>1</dataTypeSize>
<ownDataTypeParameters>1,,</ownDataTypeParameters>
</Attribute>
<Attribute name="ESCOLARIDADE" id="59770660-0311-48D1-2B00-9F7CE4DA0AB7">
<createdBy>labsfiap</createdBy>
<createdTime>2025-04-11 01:14:40 UTC</createdTime>
<comment><![CDATA[ESCOLARIDADE DO PACIENTE]]></comment>
<commentInRDBMS><![CDATA[ESCOLARIDADE DO PACIENTE]]></commentInRDBMS>
<notes><![CDATA[ESCOLARIDADE DO PACIENTE]]></notes>
<ownerDesignName>AA</ownerDesignName>
<engineerTo>
<item key="BB9B65D6-C5F3-6E06-7703-46FD7760265C" value="true"/>
</engineerTo>
<useDomainConstraints>false</useDomainConstraints>
<use>1</use>
<logicalDatatype>LOGDT024</logicalDatatype>
<dataTypeSize>50</dataTypeSize>
<ownDataTypeParameters>50,,</ownDataTypeParameters>
</Attribute>
<Attribute name="ET_CIVIL" id="AE918F5B-66D2-3AA5-6389-9DE45F92A719">
<createdBy>labsfiap</createdBy>
<createdTime>2025-04-11 01:15:47 UTC</createdTime>
<comment><![CDATA[Estado civil do paciente]]></comment>
<commentInRDBMS><![CDATA[Estado civil do paciente]]></commentInRDBMS>
<notes><![CDATA[Estado civil do paciente]]></notes>
<ownerDesignName>AA</ownerDesignName>
<engineerTo>
<item key="BB9B65D6-C5F3-6E06-7703-46FD7760265C" value="true"/>
</engineerTo>
<useDomainConstraints>false</useDomainConstraints>
<use>1</use>
<logicalDatatype>LOGDT024</logicalDatatype>
<dataTypeSize>20</dataTypeSize>
<ownDataTypeParameters>20,,</ownDataTypeParameters>
</Attribute>
<Attribute name="GP_SANGUINO" id="1B728349-E8C4-5A87-A812-B7C9A10987CB">
<createdBy>labsfiap</createdBy>
<createdTime>2025-04-11 01:19:30 UTC</createdTime>
<comment><![CDATA[Grupo sanguino do paciente]]></comment>
<commentInRDBMS><![CDATA[Grupo sanguino do paciente]]></commentInRDBMS>
<notes><![CDATA[Grupo sanguino do paciente]]></notes>
<ownerDesignName>AA</ownerDesignName>
<engineerTo>
<item key="BB9B65D6-C5F3-6E06-7703-46FD7760265C" value="true"/>
</engineerTo>
<useDomainConstraints>false</useDomainConstraints>
<use>1</use>
<logicalDatatype>LOGDT024</logicalDatatype>
<dataTypeSize>5</dataTypeSize>
<ownDataTypeParameters>5,,</ownDataTypeParameters>
</Attribute>
<Attribute name="ALTURA" id="62ECD043-1337-EC69-F2AA-4579835FCA06">
<createdBy>labsfiap</createdBy>
<createdTime>2025-04-11 01:20:47 UTC</createdTime>
<comment><![CDATA[Altura do paciente]]></comment>
<commentInRDBMS><![CDATA[Altura do paciente]]></commentInRDBMS>
<notes><![CDATA[Altura do paciente]]></notes>
<ownerDesignName>AA</ownerDesignName>
<engineerTo>
<item key="BB9B65D6-C5F3-6E06-7703-46FD7760265C" value="true"/>
</engineerTo>
<useDomainConstraints>false</useDomainConstraints>
<use>1</use>
<logicalDatatype>LOGDT019</logicalDatatype>
<dataTypePrecision>1</dataTypePrecision>
<dataTypeScale>2</dataTypeScale>
<ownDataTypeParameters>,1,2</ownDataTypeParameters>
</Attribute>
<Attribute name="PESO" id="2EBD8E70-3D2A-2468-5B95-9B7249CBE143">
<createdBy>labsfiap</createdBy>
<createdTime>2025-04-11 01:23:16 UTC</createdTime>
<comment><![CDATA[Peso do paciente]]></comment>
<commentInRDBMS><![CDATA[Peso do paciente]]></commentInRDBMS>
<notes><![CDATA[Peso do paciente]]></notes>
<ownerDesignName>AA</ownerDesignName>
<engineerTo>
<item key="BB9B65D6-C5F3-6E06-7703-46FD7760265C" value="true"/>
</engineerTo>
<useDomainConstraints>false</useDomainConstraints>
<use>1</use>
<logicalDatatype>LOGDT019</logicalDatatype>
<dataTypePrecision>3</dataTypePrecision>
<dataTypeScale>2</dataTypeScale>
<ownDataTypeParameters>,3,2</ownDataTypeParameters>
</Attribute>
</attributes>
<identifiers itemClass="oracle.dbtools.crest.model.design.logical.CandidateKey">
<identifier id="E11537FC-B178-8881-646A-4494754BA8AD" name="RHSTU_PACIENTE PK">
<createdBy>labsfiap</createdBy>
<createdTime>2025-04-11 00:57:30 UTC</createdTime>
<ownerDesignName>AA</ownerDesignName>
<engineerTo>
<item key="BB9B65D6-C5F3-6E06-7703-46FD7760265C" value="true"/>
</engineerTo>
<pk>true</pk>
<usedAttributes>
<attributeRef>F8B9DA04-575C-B61B-C72D-16ABBC8CD3FA</attributeRef>
</usedAttributes>
</identifier>
</identifiers>
</Entity>