<?xml version = '1.0' encoding = 'UTF-8'?>
<Entity class="oracle.dbtools.crest.model.design.logical.Entity" directorySegmentName="seg_0" id="E89C2C64-8B20-5156-3A23-CA330A5184F1" name="RHSTU_EMAIL">
<createdBy>labsfiap</createdBy>
<createdTime>2025-04-11 01:44:33 UTC</createdTime>
<ownerDesignName>AA</ownerDesignName>
<engineerTo>
<item key="BB9B65D6-C5F3-6E06-7703-46FD7760265C" value="true"/>
</engineerTo>
<adequatelyNormalized>NO</adequatelyNormalized>
<expectedVolumes>0</expectedVolumes>
<fwdEngineeringStrategyName>Single Table</fwdEngineeringStrategyName>
<growthPercent>0</growthPercent>
<growthType>Year</growthType>
<maxVolumes>9999999</maxVolumes>
<minVolumes>0</minVolumes>
<normalForm>Third</normalForm>
<attributes itemClass="oracle.dbtools.crest.model.design.logical.Attribute">
<Attribute name="EMAIL" id="A62A9448-8B84-6F60-C7DA-B6B5E5142BCA">
<createdBy>labsfiap</createdBy>
<createdTime>2025-04-11 01:44:51 UTC</createdTime>
<comment><![CDATA[Email do paciente]]></comment>
<commentInRDBMS><![CDATA[Email do paciente]]></commentInRDBMS>
<notes><![CDATA[Email do paciente]]></notes>
<ownerDesignName>AA</ownerDesignName>
<engineerTo>
<item key="BB9B65D6-C5F3-6E06-7703-46FD7760265C" value="true"/>
</engineerTo>
<useDomainConstraints>false</useDomainConstraints>
<use>1</use>
<logicalDatatype>LOGDT024</logicalDatatype>
<dataTypeSize>100</dataTypeSize>
<ownDataTypeParameters>100,,</ownDataTypeParameters>
</Attribute>
<Attribute name="ID_PACIENTE" id="1443FAAC-38F3-6FDE-00AA-AD10539C86A6">
<createdBy>labsfiap</createdBy>
<createdTime>2025-04-11 01:45:53 UTC</createdTime>
<comment><![CDATA[Id do paciente]]></comment>
<generatorID>F91EDA09-C987-AEED-870A-7DD088FAE0F3</generatorID>
<ownerDesignName>AA</ownerDesignName>
<engineerTo>
<item key="BB9B65D6-C5F3-6E06-7703-46FD7760265C" value="true"/>
</engineerTo>
<referedAttribute>F8B9DA04-575C-B61B-C72D-16ABBC8CD3FA</referedAttribute>
<useDomainConstraints>false</useDomainConstraints>
<use>1</use>
<logicalDatatype>LOGDT019</logicalDatatype>
<dataTypePrecision>10</dataTypePrecision>
<ownDataTypeParameters>,,</ownDataTypeParameters>
</Attribute>
</attributes>
</Entity>