<?xml version = '1.0' encoding = 'UTF-8'?>
<Entity class="oracle.dbtools.crest.model.design.logical.Entity" directorySegmentName="seg_0" id="6E4B684F-1621-B6B4-E6B7-FAE104AD845D" name="T_VB_PEDIDO_VENDA">
<createdBy>labsfiap</createdBy>
<createdTime>2025-03-28 01:42:18 UTC</createdTime>
<ownerDesignName>aula04</ownerDesignName>
<engineerTo>
<item key="E718D95C-D852-7A1E-3A05-1514ADAEDE51" value="true"/>
</engineerTo>
<adequatelyNormalized>NO</adequatelyNormalized>
<expectedVolumes>0</expectedVolumes>
<fwdEngineeringStrategyName>Single Table</fwdEngineeringStrategyName>
<growthPercent>0</growthPercent>
<growthType>Year</growthType>
<maxVolumes>9999999</maxVolumes>
<minVolumes>0</minVolumes>
<normalForm>Third</normalForm>
<attributes itemClass="oracle.dbtools.crest.model.design.logical.Attribute">
<Attribute name="NR_PEDIDO" id="68F350C9-5443-C53E-41B1-35E98F82DAD0">
<createdBy>labsfiap</createdBy>
<createdTime>2025-03-28 01:43:41 UTC</createdTime>
<ownerDesignName>aula04</ownerDesignName>
<engineerTo>
<item key="E718D95C-D852-7A1E-3A05-1514ADAEDE51" value="true"/>
</engineerTo>
<useDomainConstraints>false</useDomainConstraints>
<use>1</use>
<logicalDatatype>LOGDT019</logicalDatatype>
<dataTypePrecision>70</dataTypePrecision>
<ownDataTypeParameters>,70,</ownDataTypeParameters>
</Attribute>
<Attribute name="ID_ESTABELECIMENTO" id="899FA9B2-E9B0-B46B-A9BC-16D338523273">
<createdBy>labsfiap</createdBy>
<createdTime>2025-03-28 01:42:30 UTC</createdTime>
<comment><![CDATA[Identificador do estabelecmento, será a chave primária da entidade.]]></comment>
<generatorID>4038CE30-5C2A-D4AB-1C43-5D5415B63289</generatorID>
<ownerDesignName>aula04</ownerDesignName>
<engineerTo>
<item key="E718D95C-D852-7A1E-3A05-1514ADAEDE51" value="true"/>
</engineerTo>
<referedAttribute>86E048DA-6B05-208E-5491-9BB962FF0146</referedAttribute>
<useDomainConstraints>false</useDomainConstraints>
<use>1</use>
<logicalDatatype>LOGDT019</logicalDatatype>
<dataTypePrecision>10</dataTypePrecision>
<ownDataTypeParameters>,10,</ownDataTypeParameters>
</Attribute>
<Attribute name="DT_EMISSAO" id="CC791FC1-A7BC-1C44-E8E9-F5D1D75279A8">
<createdBy>labsfiap</createdBy>
<createdTime>2025-03-28 01:45:47 UTC</createdTime>
<ownerDesignName>aula04</ownerDesignName>
<engineerTo>
<item key="E718D95C-D852-7A1E-3A05-1514ADAEDE51" value="true"/>
</engineerTo>
<useDomainConstraints>false</useDomainConstraints>
<use>1</use>
<logicalDatatype>LOGDT007</logicalDatatype>
<ownDataTypeParameters>,,</ownDataTypeParameters>
</Attribute>
<Attribute name="NM_ATENDENTE" id="369A7C4A-6039-75BF-63A1-00E2F269E9EE">
<createdBy>labsfiap</createdBy>
<createdTime>2025-03-28 01:46:10 UTC</createdTime>
<ownerDesignName>aula04</ownerDesignName>
<engineerTo>
<item key="E718D95C-D852-7A1E-3A05-1514ADAEDE51" value="true"/>
</engineerTo>
<useDomainConstraints>false</useDomainConstraints>
<use>1</use>
<logicalDatatype>LOGDT024</logicalDatatype>
<dataTypeSize>70</dataTypeSize>
<ownDataTypeParameters>70,,</ownDataTypeParameters>
</Attribute>
<Attribute name="DS_PAGAMENTO" id="8B33A100-9004-1FC4-58A7-09C35CE36BBE">
<createdBy>labsfiap</createdBy>
<createdTime>2025-03-28 01:46:32 UTC</createdTime>
<ownerDesignName>aula04</ownerDesignName>
<engineerTo>
<item key="E718D95C-D852-7A1E-3A05-1514ADAEDE51" value="true"/>
</engineerTo>
<nullsAllowed>true</nullsAllowed>
<useDomainConstraints>false</useDomainConstraints>
<use>1</use>
<logicalDatatype>LOGDT024</logicalDatatype>
<dataTypeSize>30</dataTypeSize>
<ownDataTypeParameters>30,,</ownDataTypeParameters>
</Attribute>
<Attribute name="NM_CLIENTE" id="45588A7D-96E5-BF3C-C54D-4C581C659CA4">
<createdBy>labsfiap</createdBy>
<createdTime>2025-03-28 01:47:02 UTC</createdTime>
<ownerDesignName>aula04</ownerDesignName>
<engineerTo>
<item key="E718D95C-D852-7A1E-3A05-1514ADAEDE51" value="true"/>
</engineerTo>
<nullsAllowed>true</nullsAllowed>
<useDomainConstraints>false</useDomainConstraints>
<use>1</use>
<logicalDatatype>LOGDT024</logicalDatatype>
<dataTypeSize>70</dataTypeSize>
<ownDataTypeParameters>70,,</ownDataTypeParameters>
</Attribute>
<Attribute name="QT_PESSOAS" id="CD330A00-3A54-7219-917D-928F13E2ABCC">
<createdBy>labsfiap</createdBy>
<createdTime>2025-03-28 01:47:16 UTC</createdTime>
<ownerDesignName>aula04</ownerDesignName>
<engineerTo>
<item key="E718D95C-D852-7A1E-3A05-1514ADAEDE51" value="true"/>
</engineerTo>
<useDomainConstraints>false</useDomainConstraints>
<use>1</use>
<logicalDatatype>LOGDT019</logicalDatatype>
<dataTypePrecision>4</dataTypePrecision>
<ownDataTypeParameters>,4,</ownDataTypeParameters>
</Attribute>
<Attribute name="DT_FECHAMENTO" id="914AEE49-02B0-D5B7-B7BD-44BA1B5D6DD9">
<createdBy>labsfiap</createdBy>
<createdTime>2025-03-28 01:47:34 UTC</createdTime>
<ownerDesignName>aula04</ownerDesignName>
<engineerTo>
<item key="E718D95C-D852-7A1E-3A05-1514ADAEDE51" value="true"/>
</engineerTo>
<nullsAllowed>true</nullsAllowed>
<useDomainConstraints>false</useDomainConstraints>
<use>1</use>
<logicalDatatype>LOGDT007</logicalDatatype>
<ownDataTypeParameters>,,</ownDataTypeParameters>
</Attribute>
</attributes>
<identifiers itemClass="oracle.dbtools.crest.model.design.logical.CandidateKey">
<identifier id="B2EF16A0-6CB0-3FFD-2BB8-DCA47B953A55" name="T_VB_PEDIDO_VENDA PK">
<createdBy>labsfiap</createdBy>
<createdTime>2025-03-28 01:45:27 UTC</createdTime>
<ownerDesignName>aula04</ownerDesignName>
<engineerTo>
<item key="E718D95C-D852-7A1E-3A05-1514ADAEDE51" value="true"/>
</engineerTo>
<pk>true</pk>
<usedAttributes>
<attributeRef>68F350C9-5443-C53E-41B1-35E98F82DAD0</attributeRef>
</usedAttributes>
</identifier>
</identifiers>
</Entity>