<?xml version = '1.0' encoding = 'UTF-8'?>
<Entity class="oracle.dbtools.crest.model.design.logical.Entity" directorySegmentName="seg_0" id="9C46F326-D242-D72A-BD5C-FE38CE3ABD17" name="T_VB_ESTABELECIMENTO">
<createdBy>labsfiap</createdBy>
<createdTime>2025-03-28 00:32:05 UTC</createdTime>
<ownerDesignName>aula04</ownerDesignName>
<engineerTo>
<item key="E718D95C-D852-7A1E-3A05-1514ADAEDE51" value="true"/>
</engineerTo>
<adequatelyNormalized>NO</adequatelyNormalized>
<expectedVolumes>0</expectedVolumes>
<fwdEngineeringStrategyName>Single Table</fwdEngineeringStrategyName>
<growthPercent>0</growthPercent>
<growthType>Year</growthType>
<maxVolumes>9999999</maxVolumes>
<minVolumes>0</minVolumes>
<normalForm>Third</normalForm>
<attributes itemClass="oracle.dbtools.crest.model.design.logical.Attribute">
<Attribute name="ID_ESTABELECIMENTO" id="86E048DA-6B05-208E-5491-9BB962FF0146">
<createdBy>labsfiap</createdBy>
<createdTime>2025-03-28 00:38:38 UTC</createdTime>
<comment><![CDATA[Identificador do estabelecmento, será a chave primária da entidade.]]></comment>
<commentInRDBMS><![CDATA[Identificador do estabelecmento, sera a chave primaria da entidade.]]></commentInRDBMS>
<notes><![CDATA[Identificador do estabelecmento, será a chave primária da entidade.]]></notes>
<ownerDesignName>aula04</ownerDesignName>
<engineerTo>
<item key="E718D95C-D852-7A1E-3A05-1514ADAEDE51" value="true"/>
</engineerTo>
<useDomainConstraints>false</useDomainConstraints>
<use>1</use>
<logicalDatatype>LOGDT019</logicalDatatype>
<dataTypePrecision>10</dataTypePrecision>
<ownDataTypeParameters>,10,</ownDataTypeParameters>
</Attribute>
<Attribute name="DS_RAZAO_SOCIAL" id="79423B59-5DAF-B738-2083-08A569E155AF">
<createdBy>labsfiap</createdBy>
<createdTime>2025-03-28 00:41:49 UTC</createdTime>
<comment><![CDATA[Razao social do estabelecimento, esse atributo e obrigatorio.]]></comment>
<commentInRDBMS><![CDATA[Razao social do estabelecimento, esse atributo e obrigatorio.]]></commentInRDBMS>
<notes><![CDATA[Razao social do estabelecimento, esse atributo e obrigatorio.]]></notes>
<ownerDesignName>aula04</ownerDesignName>
<engineerTo>
<item key="E718D95C-D852-7A1E-3A05-1514ADAEDE51" value="true"/>
</engineerTo>
<useDomainConstraints>false</useDomainConstraints>
<use>1</use>
<logicalDatatype>LOGDT024</logicalDatatype>
<dataTypeSize>110</dataTypeSize>
<ownDataTypeParameters>110,,</ownDataTypeParameters>
</Attribute>
<Attribute name="NR_CNPJ" id="9ECFB9FD-9BA8-9F0E-9877-B8627D96F7BD">
<createdBy>labsfiap</createdBy>
<createdTime>2025-03-28 00:51:05 UTC</createdTime>
<comment><![CDATA[Cadastro Nacional de Pessoa Juridica, seu conteudo e obrigatorio.]]></comment>
<commentInRDBMS><![CDATA[Cadastro Nacional de Pessoa Juridica, seu conteudo e obrigatorio.]]></commentInRDBMS>
<notes><![CDATA[Cadastro Nacional de Pessoa Juridica, seu conteudo e obrigatorio.]]></notes>
<ownerDesignName>aula04</ownerDesignName>
<engineerTo>
<item key="E718D95C-D852-7A1E-3A05-1514ADAEDE51" value="true"/>
</engineerTo>
<useDomainConstraints>false</useDomainConstraints>
<use>1</use>
<logicalDatatype>LOGDT019</logicalDatatype>
<dataTypePrecision>14</dataTypePrecision>
<ownDataTypeParameters>,14,</ownDataTypeParameters>
</Attribute>
<Attribute name="NR_IE" id="9BEC60D0-4623-F5F2-897D-AACA8C4F820D">
<createdBy>labsfiap</createdBy>
<createdTime>2025-03-28 00:56:11 UTC</createdTime>
<ownerDesignName>aula04</ownerDesignName>
<engineerTo>
<item key="E718D95C-D852-7A1E-3A05-1514ADAEDE51" value="true"/>
</engineerTo>
<nullsAllowed>true</nullsAllowed>
<useDomainConstraints>false</useDomainConstraints>
<use>1</use>
<logicalDatatype>LOGDT019</logicalDatatype>
<dataTypePrecision>12</dataTypePrecision>
<ownDataTypeParameters>,12,</ownDataTypeParameters>
</Attribute>
<Attribute name="NR_TELEFONE" id="1225909F-3130-95AA-C2B3-3F246DB3A1C7">
<createdBy>labsfiap</createdBy>
<createdTime>2025-03-28 01:06:17 UTC</createdTime>
<ownerDesignName>aula04</ownerDesignName>
<engineerTo>
<item key="E718D95C-D852-7A1E-3A05-1514ADAEDE51" value="true"/>
</engineerTo>
<useDomainConstraints>false</useDomainConstraints>
<use>1</use>
<logicalDatatype>LOGDT019</logicalDatatype>
<dataTypePrecision>70</dataTypePrecision>
<ownDataTypeParameters>,70,</ownDataTypeParameters>
</Attribute>
<Attribute name="NR_MESA" id="F11C19C3-BCB7-143E-0137-0C536730BE63">
<createdBy>labsfiap</createdBy>
<createdTime>2025-03-28 01:41:11 UTC</createdTime>
<ownerDesignName>aula04</ownerDesignName>
<engineerTo>
<item key="E718D95C-D852-7A1E-3A05-1514ADAEDE51" value="true"/>
</engineerTo>
<nullsAllowed>true</nullsAllowed>
<useDomainConstraints>false</useDomainConstraints>
<use>1</use>
<logicalDatatype>LOGDT024</logicalDatatype>
<dataTypeSize>100</dataTypeSize>
<ownDataTypeParameters>100,,</ownDataTypeParameters>
</Attribute>
</attributes>
<identifiers itemClass="oracle.dbtools.crest.model.design.logical.CandidateKey">
<identifier id="868333E8-C04B-E3DC-9D9C-7A033D42993E" name="T_VB_ESTABELECIMENTO PK">
<createdBy>labsfiap</createdBy>
<createdTime>2025-03-28 00:41:42 UTC</createdTime>
<ownerDesignName>aula04</ownerDesignName>
<engineerTo>
<item key="E718D95C-D852-7A1E-3A05-1514ADAEDE51" value="true"/>
</engineerTo>
<pk>true</pk>
<usedAttributes>
<attributeRef>86E048DA-6B05-208E-5491-9BB962FF0146</attributeRef>
</usedAttributes>
</identifier>
</identifiers>
</Entity>