<?xml version = '1.0' encoding = 'UTF-8'?>
<Entity class="oracle.dbtools.crest.model.design.logical.Entity" directorySegmentName="seg_0" id="0E779A05-3448-4316-003E-5414CDFFEEA7" name="T_LOGIN_RHSTU">
<createdBy>labsfiap</createdBy>
<createdTime>2025-04-04 01:22:40 UTC</createdTime>
<ownerDesignName>aula05</ownerDesignName>
<engineerTo>
<item key="6067B239-EF0A-E2F2-9DCC-7DF022C46DFB" value="true"/>
</engineerTo>
<adequatelyNormalized>NO</adequatelyNormalized>
<expectedVolumes>0</expectedVolumes>
<fwdEngineeringStrategyName>Single Table</fwdEngineeringStrategyName>
<growthPercent>0</growthPercent>
<growthType>Year</growthType>
<maxVolumes>9999999</maxVolumes>
<minVolumes>0</minVolumes>
<normalForm>Third</normalForm>
<attributes itemClass="oracle.dbtools.crest.model.design.logical.Attribute">
<Attribute name="ID_LOGIN" id="2A801CF7-9C3E-883C-9C39-133A3DE67AFB">
<createdBy>labsfiap</createdBy>
<createdTime>2025-04-04 02:10:31 UTC</createdTime>
<ownerDesignName>aula05</ownerDesignName>
<engineerTo>
<item key="6067B239-EF0A-E2F2-9DCC-7DF022C46DFB" value="true"/>
</engineerTo>
<useDomainConstraints>false</useDomainConstraints>
<use>1</use>
<logicalDatatype>LOGDT019</logicalDatatype>
<dataTypePrecision>5</dataTypePrecision>
<ownDataTypeParameters>,5,</ownDataTypeParameters>
</Attribute>
<Attribute name="CD_FUNCIONARIO" id="AF0F32B3-EC43-0AAB-692F-4D0665577DCB">
<createdBy>labsfiap</createdBy>
<createdTime>2025-04-04 02:12:41 UTC</createdTime>
<generatorID>CDDCBE23-15DB-658F-E7FB-0341ABA7B406</generatorID>
<ownerDesignName>aula05</ownerDesignName>
<engineerTo>
<item key="6067B239-EF0A-E2F2-9DCC-7DF022C46DFB" value="true"/>
</engineerTo>
<referedAttribute>7D6FC29D-21CF-FF31-F09C-37987350BE8E</referedAttribute>
<useDomainConstraints>false</useDomainConstraints>
<use>1</use>
<logicalDatatype>LOGDT019</logicalDatatype>
<dataTypePrecision>5</dataTypePrecision>
<ownDataTypeParameters>,,</ownDataTypeParameters>
</Attribute>
</attributes>
<identifiers itemClass="oracle.dbtools.crest.model.design.logical.CandidateKey">
<identifier id="D24197DB-E6CD-503B-5F2A-5891393E2914" name="T_LOGIN_RHSTU PK">
<createdBy>labsfiap</createdBy>
<createdTime>2025-04-04 02:11:17 UTC</createdTime>
<ownerDesignName>aula05</ownerDesignName>
<engineerTo>
<item key="6067B239-EF0A-E2F2-9DCC-7DF022C46DFB" value="true"/>
</engineerTo>
<pk>true</pk>
<usedAttributes>
<attributeRef>2A801CF7-9C3E-883C-9C39-133A3DE67AFB</attributeRef>
</usedAttributes>
</identifier>
</identifiers>
</Entity>