<?xml version = '1.0' encoding = 'UTF-8'?>
<Entity class="oracle.dbtools.crest.model.design.logical.Entity" directorySegmentName="seg_0" id="7547AFFE-0B01-B27B-4594-702118278081" name="T_MÉDICO">
<createdBy>labsfiap</createdBy>
<createdTime>2025-04-04 01:20:24 UTC</createdTime>
<ownerDesignName>aula05</ownerDesignName>
<engineerTo>
<item key="6067B239-EF0A-E2F2-9DCC-7DF022C46DFB" value="true"/>
</engineerTo>
<adequatelyNormalized>NO</adequatelyNormalized>
<expectedVolumes>0</expectedVolumes>
<fwdEngineeringStrategyName>Single Table</fwdEngineeringStrategyName>
<growthPercent>0</growthPercent>
<growthType>Year</growthType>
<maxVolumes>9999999</maxVolumes>
<minVolumes>0</minVolumes>
<normalForm>Third</normalForm>
<attributes itemClass="oracle.dbtools.crest.model.design.logical.Attribute">
<Attribute name="ID_MEDICO" id="B2EE69E3-EBDA-0498-DBD4-B55A18F4FAC4">
<createdBy>labsfiap</createdBy>
<createdTime>2025-04-04 01:44:11 UTC</createdTime>
<ownerDesignName>aula05</ownerDesignName>
<engineerTo>
<item key="6067B239-EF0A-E2F2-9DCC-7DF022C46DFB" value="true"/>
</engineerTo>
<useDomainConstraints>false</useDomainConstraints>
<use>1</use>
<logicalDatatype>LOGDT019</logicalDatatype>
<dataTypePrecision>5</dataTypePrecision>
<ownDataTypeParameters>,5,</ownDataTypeParameters>
</Attribute>
<Attribute name="NM MEDICO" id="B98E869B-4CBE-6F4A-B468-C857CEED9F5F">
<createdBy>labsfiap</createdBy>
<createdTime>2025-04-04 01:44:33 UTC</createdTime>
<ownerDesignName>aula05</ownerDesignName>
<engineerTo>
<item key="6067B239-EF0A-E2F2-9DCC-7DF022C46DFB" value="true"/>
</engineerTo>
<nullsAllowed>true</nullsAllowed>
<useDomainConstraints>false</useDomainConstraints>
<use>1</use>
<logicalDatatype>LOGDT024</logicalDatatype>
<dataTypeSize>150</dataTypeSize>
<ownDataTypeParameters>150,,</ownDataTypeParameters>
</Attribute>
</attributes>
<identifiers itemClass="oracle.dbtools.crest.model.design.logical.CandidateKey">
<identifier id="9004570C-503C-2C3C-2F31-A672445D3AEF" name="T_MÉDICO PK">
<createdBy>labsfiap</createdBy>
<createdTime>2025-04-04 01:44:21 UTC</createdTime>
<ownerDesignName>aula05</ownerDesignName>
<engineerTo>
<item key="6067B239-EF0A-E2F2-9DCC-7DF022C46DFB" value="true"/>
</engineerTo>
<pk>true</pk>
<usedAttributes>
<attributeRef>B2EE69E3-EBDA-0498-DBD4-B55A18F4FAC4</attributeRef>
</usedAttributes>
</identifier>
</identifiers>
</Entity>