<?xml version = '1.0' encoding = 'UTF-8'?>
<Entity class="oracle.dbtools.crest.model.design.logical.Entity" directorySegmentName="seg_0" id="8D4938ED-8417-4B30-8F5E-D5C983C452B9" name="T_ATENDIMENTO">
<createdBy>labsfiap</createdBy>
<createdTime>2025-04-04 02:00:13 UTC</createdTime>
<ownerDesignName>aula05</ownerDesignName>
<engineerTo>
<item key="6067B239-EF0A-E2F2-9DCC-7DF022C46DFB" value="true"/>
</engineerTo>
<adequatelyNormalized>NO</adequatelyNormalized>
<expectedVolumes>0</expectedVolumes>
<fwdEngineeringStrategyName>Single Table</fwdEngineeringStrategyName>
<growthPercent>0</growthPercent>
<growthType>Year</growthType>
<maxVolumes>9999999</maxVolumes>
<minVolumes>0</minVolumes>
<normalForm>Third</normalForm>
<attributes itemClass="oracle.dbtools.crest.model.design.logical.Attribute">
<Attribute name="NR_ATENDIMENTO" id="C10C0C31-45BC-9B9B-66BF-FF43165634C6">
<createdBy>labsfiap</createdBy>
<createdTime>2025-04-04 02:00:21 UTC</createdTime>
<ownerDesignName>aula05</ownerDesignName>
<engineerTo>
<item key="6067B239-EF0A-E2F2-9DCC-7DF022C46DFB" value="true"/>
</engineerTo>
<useDomainConstraints>false</useDomainConstraints>
<use>1</use>
<logicalDatatype>LOGDT019</logicalDatatype>
<dataTypePrecision>5</dataTypePrecision>
<ownDataTypeParameters>,5,</ownDataTypeParameters>
</Attribute>
<Attribute name="ID_MEDICO" id="DE09C2EC-4545-443A-9B91-639D976C4B30">
<createdBy>labsfiap</createdBy>
<createdTime>2025-04-04 02:01:12 UTC</createdTime>
<generatorID>A0D49BFE-D52E-DE02-784C-ACE6DD24BF38</generatorID>
<ownerDesignName>aula05</ownerDesignName>
<engineerTo>
<item key="6067B239-EF0A-E2F2-9DCC-7DF022C46DFB" value="true"/>
</engineerTo>
<referedAttribute>B2EE69E3-EBDA-0498-DBD4-B55A18F4FAC4</referedAttribute>
<useDomainConstraints>false</useDomainConstraints>
<use>1</use>
<logicalDatatype>LOGDT019</logicalDatatype>
<dataTypePrecision>5</dataTypePrecision>
<ownDataTypeParameters>,,</ownDataTypeParameters>
</Attribute>
<Attribute name="ID_PACIENTE" id="AC0A48C4-76FB-6B42-5222-EDD1F5288D6A">
<createdBy>labsfiap</createdBy>
<createdTime>2025-04-04 02:02:59 UTC</createdTime>
<generatorID>6FFB4487-250E-41B1-29FA-C53A12F99372</generatorID>
<ownerDesignName>aula05</ownerDesignName>
<engineerTo>
<item key="6067B239-EF0A-E2F2-9DCC-7DF022C46DFB" value="true"/>
</engineerTo>
<referedAttribute>84E1D134-A915-8582-DFA2-ECC3C58A5B2A</referedAttribute>
<useDomainConstraints>false</useDomainConstraints>
<use>1</use>
<logicalDatatype>LOGDT019</logicalDatatype>
<dataTypePrecision>5</dataTypePrecision>
<ownDataTypeParameters>,,</ownDataTypeParameters>
</Attribute>
</attributes>
<identifiers itemClass="oracle.dbtools.crest.model.design.logical.CandidateKey">
<identifier id="AC07298F-7848-4C4F-2269-849A49400374" name="T_ATENDIMENTO PK">
<createdBy>labsfiap</createdBy>
<createdTime>2025-04-04 02:00:44 UTC</createdTime>
<ownerDesignName>aula05</ownerDesignName>
<engineerTo>
<item key="6067B239-EF0A-E2F2-9DCC-7DF022C46DFB" value="true"/>
</engineerTo>
<pk>true</pk>
<usedAttributes>
<attributeRef>C10C0C31-45BC-9B9B-66BF-FF43165634C6</attributeRef>
</usedAttributes>
</identifier>
</identifiers>
</Entity>