<?xml version = '1.0' encoding = 'UTF-8'?>
<Entity class="oracle.dbtools.crest.model.design.logical.Entity" directorySegmentName="seg_0" id="A1E2025E-6923-C530-CD0A-189DC0BF581C" name="T_DEPARTAMENTO">
<createdBy>labsfiap</createdBy>
<createdTime>2025-04-04 00:56:10 UTC</createdTime>
<ownerDesignName>aula05</ownerDesignName>
<engineerTo>
<item key="6067B239-EF0A-E2F2-9DCC-7DF022C46DFB" value="true"/>
</engineerTo>
<adequatelyNormalized>NO</adequatelyNormalized>
<expectedVolumes>0</expectedVolumes>
<fwdEngineeringStrategyName>Single Table</fwdEngineeringStrategyName>
<growthPercent>0</growthPercent>
<growthType>Year</growthType>
<maxVolumes>9999999</maxVolumes>
<minVolumes>0</minVolumes>
<normalForm>Third</normalForm>
<shortName>T_DEPARTAMENTO</shortName>
<attributes itemClass="oracle.dbtools.crest.model.design.logical.Attribute">
<Attribute name="CD_DEPARTAMENTO" id="BE20ECA9-0AC8-1B65-AD4D-6F0D80C60D37">
<createdBy>labsfiap</createdBy>
<createdTime>2025-04-04 00:56:14 UTC</createdTime>
<comment><![CDATA[CODIGO DO DEPARTAMENTO, ESSE ATRIBUTO SERA GERADO AUTOMATICAMENTO E SERA A CHAVE PRIMARIA ]]></comment>
<commentInRDBMS><![CDATA[CODIGO DO DEPARTAMENTO, ESSE ATRIBUTO SERA GERADO AUTOMATICAMENTO E SERA A CHAVE PRIMARIA ]]></commentInRDBMS>
<notes><![CDATA[CODIGO DO DEPARTAMENTO, ESSE ATRIBUTO SERA GERADO AUTOMATICAMENTO E SERA A CHAVE PRIMARIA ]]></notes>
<ownerDesignName>aula05</ownerDesignName>
<engineerTo>
<item key="6067B239-EF0A-E2F2-9DCC-7DF022C46DFB" value="true"/>
</engineerTo>
<useDomainConstraints>false</useDomainConstraints>
<use>1</use>
<logicalDatatype>LOGDT019</logicalDatatype>
<dataTypePrecision>5</dataTypePrecision>
<ownDataTypeParameters>,5,</ownDataTypeParameters>
</Attribute>
<Attribute name="NM_DEPARATEMENTO" id="82F69064-00DB-AEFB-CE14-FF00DC8C27FE">
<createdBy>labsfiap</createdBy>
<createdTime>2025-04-04 00:57:32 UTC</createdTime>
<ownerDesignName>aula05</ownerDesignName>
<engineerTo>
<item key="6067B239-EF0A-E2F2-9DCC-7DF022C46DFB" value="true"/>
</engineerTo>
<nullsAllowed>true</nullsAllowed>
<useDomainConstraints>false</useDomainConstraints>
<use>1</use>
<logicalDatatype>LOGDT024</logicalDatatype>
<ownDataTypeParameters>,,</ownDataTypeParameters>
</Attribute>
</attributes>
<identifiers itemClass="oracle.dbtools.crest.model.design.logical.CandidateKey">
<identifier id="310F3058-5128-C969-6608-AA65FF215FB5" name="T_DEPARTAMENTO">
<createdBy>labsfiap</createdBy>
<createdTime>2025-04-04 00:59:17 UTC</createdTime>
<ownerDesignName>aula05</ownerDesignName>
<engineerTo>
<item key="6067B239-EF0A-E2F2-9DCC-7DF022C46DFB" value="true"/>
</engineerTo>
<pk>true</pk>
<newElementsIDs>BE20ECA9-0AC8-1B65-AD4D-6F0D80C60D37</newElementsIDs>
<usedAttributes>
<attributeRef>BE20ECA9-0AC8-1B65-AD4D-6F0D80C60D37</attributeRef>
</usedAttributes>
</identifier>
</identifiers>
</Entity>