<?xml version = '1.0' encoding = 'UTF-8'?>
<Entity class="oracle.dbtools.crest.model.design.logical.Entity" directorySegmentName="seg_0" id="DEABB352-E5D5-E217-DAB7-6C5704B29982" name="T_CLIENTE">
<createdBy>labsfiap</createdBy>
<createdTime>2025-04-04 01:20:12 UTC</createdTime>
<ownerDesignName>aula05</ownerDesignName>
<engineerTo>
<item key="6067B239-EF0A-E2F2-9DCC-7DF022C46DFB" value="true"/>
</engineerTo>
<adequatelyNormalized>NO</adequatelyNormalized>
<expectedVolumes>0</expectedVolumes>
<fwdEngineeringStrategyName>Single Table</fwdEngineeringStrategyName>
<growthPercent>0</growthPercent>
<growthType>Year</growthType>
<maxVolumes>9999999</maxVolumes>
<minVolumes>0</minVolumes>
<normalForm>Third</normalForm>
<attributes itemClass="oracle.dbtools.crest.model.design.logical.Attribute">
<Attribute name="ID_CLIENTE" id="32F7DA2B-B482-E1EB-DB5E-40C808BB8070">
<createdBy>labsfiap</createdBy>
<createdTime>2025-04-04 01:25:01 UTC</createdTime>
<ownerDesignName>aula05</ownerDesignName>
<engineerTo>
<item key="6067B239-EF0A-E2F2-9DCC-7DF022C46DFB" value="true"/>
</engineerTo>
<useDomainConstraints>false</useDomainConstraints>
<use>1</use>
<logicalDatatype>LOGDT019</logicalDatatype>
<ownDataTypeParameters>,,</ownDataTypeParameters>
</Attribute>
<Attribute name="NM_CLIENTE" id="65A21A5A-1173-7AD9-746B-98FD69A2D734">
<createdBy>labsfiap</createdBy>
<createdTime>2025-04-04 01:25:14 UTC</createdTime>
<ownerDesignName>aula05</ownerDesignName>
<engineerTo>
<item key="6067B239-EF0A-E2F2-9DCC-7DF022C46DFB" value="true"/>
</engineerTo>
<useDomainConstraints>false</useDomainConstraints>
<use>1</use>
<logicalDatatype>LOGDT024</logicalDatatype>
<ownDataTypeParameters>,,</ownDataTypeParameters>
</Attribute>
</attributes>
<identifiers itemClass="oracle.dbtools.crest.model.design.logical.CandidateKey">
<identifier id="41489D98-E145-D426-F3F6-5AFD2CA75880" name="T_CLIENTE PK">
<createdBy>labsfiap</createdBy>
<createdTime>2025-04-04 01:25:09 UTC</createdTime>
<ownerDesignName>aula05</ownerDesignName>
<engineerTo>
<item key="6067B239-EF0A-E2F2-9DCC-7DF022C46DFB" value="true"/>
</engineerTo>
<pk>true</pk>
<usedAttributes>
<attributeRef>32F7DA2B-B482-E1EB-DB5E-40C808BB8070</attributeRef>
</usedAttributes>
</identifier>
</identifiers>
</Entity>