<?xml version = '1.0' encoding = 'UTF-8'?>
<Entity class="oracle.dbtools.crest.model.design.logical.Entity" directorySegmentName="seg_0" id="DEEC5AD1-328C-EE6E-42AB-FD64E711E503" name="T_AUTOR_LIVRO">
<createdBy>labsfiap</createdBy>
<createdTime>2025-04-04 02:05:00 UTC</createdTime>
<ownerDesignName>aula05</ownerDesignName>
<engineerTo>
<item key="6067B239-EF0A-E2F2-9DCC-7DF022C46DFB" value="true"/>
</engineerTo>
<adequatelyNormalized>NO</adequatelyNormalized>
<expectedVolumes>0</expectedVolumes>
<fwdEngineeringStrategyName>Single Table</fwdEngineeringStrategyName>
<growthPercent>0</growthPercent>
<growthType>Year</growthType>
<maxVolumes>9999999</maxVolumes>
<minVolumes>0</minVolumes>
<normalForm>Third</normalForm>
<attributes itemClass="oracle.dbtools.crest.model.design.logical.Attribute">
<Attribute name="ID_AUTOR" id="7EDECAC6-A000-3936-DD9F-3E0028F23C48">
<createdBy>labsfiap</createdBy>
<createdTime>2025-04-04 02:06:29 UTC</createdTime>
<generatorID>BBA1F773-E2C7-689F-0784-E1A510DB087B</generatorID>
<ownerDesignName>aula05</ownerDesignName>
<engineerTo>
<item key="6067B239-EF0A-E2F2-9DCC-7DF022C46DFB" value="true"/>
</engineerTo>
<referedAttribute>8FA84180-6B52-B311-1ECF-F061505F30EE</referedAttribute>
<useDomainConstraints>false</useDomainConstraints>
<use>1</use>
<logicalDatatype>LOGDT019</logicalDatatype>
<dataTypePrecision>5</dataTypePrecision>
<ownDataTypeParameters>,,</ownDataTypeParameters>
</Attribute>
<Attribute name="ID_LIVRO" id="495192EC-B899-A3D3-AF5A-A9D823309EEF">
<createdBy>labsfiap</createdBy>
<createdTime>2025-04-04 02:07:35 UTC</createdTime>
<generatorID>1D32BB9F-A01F-3783-468B-0199CE82B4AB</generatorID>
<ownerDesignName>aula05</ownerDesignName>
<engineerTo>
<item key="6067B239-EF0A-E2F2-9DCC-7DF022C46DFB" value="true"/>
</engineerTo>
<referedAttribute>BAAC27A2-EE73-406D-F531-E93336DE74B2</referedAttribute>
<useDomainConstraints>false</useDomainConstraints>
<use>1</use>
<logicalDatatype>LOGDT019</logicalDatatype>
<dataTypePrecision>5</dataTypePrecision>
<ownDataTypeParameters>,,</ownDataTypeParameters>
</Attribute>
</attributes>
<identifiers itemClass="oracle.dbtools.crest.model.design.logical.CandidateKey">
<identifier id="33B70C64-F67B-9D94-BE1D-F00B595EBA67" name="T_AUTOR_LIVRO PK">
<createdBy>labsfiap</createdBy>
<createdTime>2025-04-04 02:10:06 UTC</createdTime>
<ownerDesignName>aula05</ownerDesignName>
<engineerTo>
<item key="6067B239-EF0A-E2F2-9DCC-7DF022C46DFB" value="true"/>
</engineerTo>
<pk>true</pk>
<usedAttributes>
<attributeRef>7EDECAC6-A000-3936-DD9F-3E0028F23C48</attributeRef>
<attributeRef>495192EC-B899-A3D3-AF5A-A9D823309EEF</attributeRef>
</usedAttributes>
</identifier>
</identifiers>
</Entity>