<?xml version = '1.0' encoding = 'UTF-8'?>
<Entity class="oracle.dbtools.crest.model.design.logical.Entity" directorySegmentName="seg_0" id="DF6E2DA9-02D5-C58C-299A-408EFC61A636" name="T_FUNCIONARIO">
<createdBy>labsfiap</createdBy>
<createdTime>2025-04-04 01:02:02 UTC</createdTime>
<ownerDesignName>aula05</ownerDesignName>
<engineerTo>
<item key="6067B239-EF0A-E2F2-9DCC-7DF022C46DFB" value="true"/>
</engineerTo>
<adequatelyNormalized>NO</adequatelyNormalized>
<expectedVolumes>0</expectedVolumes>
<fwdEngineeringStrategyName>Single Table</fwdEngineeringStrategyName>
<growthPercent>0</growthPercent>
<growthType>Year</growthType>
<maxVolumes>9999999</maxVolumes>
<minVolumes>0</minVolumes>
<normalForm>Third</normalForm>
<attributes itemClass="oracle.dbtools.crest.model.design.logical.Attribute">
<Attribute name="CD_FUNCIONARIO" id="7D6FC29D-21CF-FF31-F09C-37987350BE8E">
<createdBy>labsfiap</createdBy>
<createdTime>2025-04-04 01:02:12 UTC</createdTime>
<ownerDesignName>aula05</ownerDesignName>
<engineerTo>
<item key="6067B239-EF0A-E2F2-9DCC-7DF022C46DFB" value="true"/>
</engineerTo>
<useDomainConstraints>false</useDomainConstraints>
<use>1</use>
<logicalDatatype>LOGDT019</logicalDatatype>
<dataTypePrecision>5</dataTypePrecision>
<ownDataTypeParameters>,5,</ownDataTypeParameters>
</Attribute>
<Attribute name="NM_FUNCIONARIO " id="D0CC374E-090C-BEF4-1093-8A774C1DF2F1">
<createdBy>labsfiap</createdBy>
<createdTime>2025-04-04 01:02:51 UTC</createdTime>
<comment><![CDATA[NOME DO FUNCIONARIO, SEU CONTEUDO É OBRIGATORIO E NAO PODE SER ABREVIADO]]></comment>
<commentInRDBMS><![CDATA[NOME DO FUNCIONARIO, SEU CONTEUDO É OBRIGATORIO E NAO PODE SER ABREVIADO]]></commentInRDBMS>
<notes><![CDATA[NOME DO FUNCIONARIO, SEU CONTEUDO É OBRIGATORIO E NAO PODE SER ABREVIADO]]></notes>
<ownerDesignName>aula05</ownerDesignName>
<engineerTo>
<item key="6067B239-EF0A-E2F2-9DCC-7DF022C46DFB" value="true"/>
</engineerTo>
<useDomainConstraints>false</useDomainConstraints>
<use>1</use>
<logicalDatatype>LOGDT024</logicalDatatype>
<dataTypeSize>150</dataTypeSize>
<ownDataTypeParameters>150,,</ownDataTypeParameters>
</Attribute>
<Attribute name="CD_DEPARTAMENTO" id="A81D4596-F7A6-AA8A-2F31-0DAF4B68920D">
<createdBy>labsfiap</createdBy>
<createdTime>2025-04-04 01:10:53 UTC</createdTime>
<comment><![CDATA[CODIGO DO DEPARTAMENTO, ESSE ATRIBUTO SERA GERADO AUTOMATICAMENTO E SERA A CHAVE PRIMARIA ]]></comment>
<generatorID>838DB385-0551-F342-6196-F01C0F34DE85</generatorID>
<ownerDesignName>aula05</ownerDesignName>
<engineerTo>
<item key="6067B239-EF0A-E2F2-9DCC-7DF022C46DFB" value="true"/>
</engineerTo>
<referedAttribute>BE20ECA9-0AC8-1B65-AD4D-6F0D80C60D37</referedAttribute>
<useDomainConstraints>false</useDomainConstraints>
<use>1</use>
<logicalDatatype>LOGDT019</logicalDatatype>
<dataTypePrecision>5</dataTypePrecision>
<ownDataTypeParameters>,,</ownDataTypeParameters>
</Attribute>
<Attribute name="ID_GESTOR" id="5C64C0C0-8163-9024-32E2-82D3CC314EF5">
<createdBy>labsfiap</createdBy>
<createdTime>2025-04-04 01:18:26 UTC</createdTime>
<generatorID>D1A6706C-391E-627D-78FB-DB8E485914DE</generatorID>
<ownerDesignName>aula05</ownerDesignName>
<engineerTo>
<item key="6067B239-EF0A-E2F2-9DCC-7DF022C46DFB" value="true"/>
</engineerTo>
<referedAttribute>D270231B-E1A1-2852-B9B1-AB37EB90384D</referedAttribute>
<useDomainConstraints>false</useDomainConstraints>
<use>1</use>
<logicalDatatype>LOGDT019</logicalDatatype>
<ownDataTypeParameters>,,</ownDataTypeParameters>
</Attribute>
<Attribute name="ID_LOGIN" id="9B75EB64-003B-AE5F-C479-A5AEA9D41612">
<createdBy>labsfiap</createdBy>
<createdTime>2025-04-04 02:11:34 UTC</createdTime>
<generatorID>CDDCBE23-15DB-658F-E7FB-0341ABA7B406</generatorID>
<ownerDesignName>aula05</ownerDesignName>
<engineerTo>
<item key="6067B239-EF0A-E2F2-9DCC-7DF022C46DFB" value="true"/>
</engineerTo>
<referedAttribute>2A801CF7-9C3E-883C-9C39-133A3DE67AFB</referedAttribute>
<useDomainConstraints>false</useDomainConstraints>
<use>1</use>
<logicalDatatype>LOGDT019</logicalDatatype>
<dataTypePrecision>5</dataTypePrecision>
<ownDataTypeParameters>,,</ownDataTypeParameters>
</Attribute>
</attributes>
<identifiers itemClass="oracle.dbtools.crest.model.design.logical.CandidateKey">
<identifier id="1EA71AC9-E79C-7110-AD19-95C8C5142D14" name="T_FUNCIONARIO PK">
<createdBy>labsfiap</createdBy>
<createdTime>2025-04-04 01:02:40 UTC</createdTime>
<ownerDesignName>aula05</ownerDesignName>
<engineerTo>
<item key="6067B239-EF0A-E2F2-9DCC-7DF022C46DFB" value="true"/>
</engineerTo>
<pk>true</pk>
<usedAttributes>
<attributeRef>7D6FC29D-21CF-FF31-F09C-37987350BE8E</attributeRef>
</usedAttributes>
</identifier>
</identifiers>
</Entity>