<?xml version = '1.0' encoding = 'UTF-8'?>
<Entity class="oracle.dbtools.crest.model.design.logical.Entity" directorySegmentName="seg_0" id="E8985525-53EB-7926-D709-301575720A8F" name="T_PEDIDO">
<createdBy>labsfiap</createdBy>
<createdTime>2025-04-04 01:20:05 UTC</createdTime>
<ownerDesignName>aula05</ownerDesignName>
<engineerTo>
<item key="6067B239-EF0A-E2F2-9DCC-7DF022C46DFB" value="true"/>
</engineerTo>
<adequatelyNormalized>NO</adequatelyNormalized>
<expectedVolumes>0</expectedVolumes>
<fwdEngineeringStrategyName>Single Table</fwdEngineeringStrategyName>
<growthPercent>0</growthPercent>
<growthType>Year</growthType>
<maxVolumes>9999999</maxVolumes>
<minVolumes>0</minVolumes>
<normalForm>Third</normalForm>
<attributes itemClass="oracle.dbtools.crest.model.design.logical.Attribute">
<Attribute name="NM_PEDIDO" id="3E716910-1CC3-5197-4A4D-C61D80AA2644">
<createdBy>labsfiap</createdBy>
<createdTime>2025-04-04 01:25:52 UTC</createdTime>
<ownerDesignName>aula05</ownerDesignName>
<engineerTo>
<item key="6067B239-EF0A-E2F2-9DCC-7DF022C46DFB" value="true"/>
</engineerTo>
<use>0</use>
<ownDataTypeParameters>,,</ownDataTypeParameters>
</Attribute>
<Attribute name="DT_PEDIDO" id="1B1ECB31-1D89-43A2-3C93-0298658CAC22">
<createdBy>labsfiap</createdBy>
<createdTime>2025-04-04 01:26:00 UTC</createdTime>
<ownerDesignName>aula05</ownerDesignName>
<engineerTo>
<item key="6067B239-EF0A-E2F2-9DCC-7DF022C46DFB" value="true"/>
</engineerTo>
<nullsAllowed>true</nullsAllowed>
<useDomainConstraints>false</useDomainConstraints>
<use>1</use>
<logicalDatatype>LOGDT007</logicalDatatype>
<ownDataTypeParameters>,,</ownDataTypeParameters>
</Attribute>
<Attribute name="ID_CLIENTE" id="851ECD4D-C4A7-6968-C61F-B858EE294253">
<createdBy>labsfiap</createdBy>
<createdTime>2025-04-04 01:26:50 UTC</createdTime>
<generatorID>04E982AB-6FF7-432E-FD6F-FD475940570A</generatorID>
<ownerDesignName>aula05</ownerDesignName>
<engineerTo>
<item key="6067B239-EF0A-E2F2-9DCC-7DF022C46DFB" value="true"/>
</engineerTo>
<referedAttribute>32F7DA2B-B482-E1EB-DB5E-40C808BB8070</referedAttribute>
<useDomainConstraints>false</useDomainConstraints>
<use>1</use>
<logicalDatatype>LOGDT019</logicalDatatype>
<ownDataTypeParameters>,,</ownDataTypeParameters>
</Attribute>
</attributes>
<identifiers itemClass="oracle.dbtools.crest.model.design.logical.CandidateKey">
<identifier id="B5248328-8775-986C-B2F3-49EDCFACC9EF" name="T_PEDIDO PK">
<createdBy>labsfiap</createdBy>
<createdTime>2025-04-04 01:25:58 UTC</createdTime>
<ownerDesignName>aula05</ownerDesignName>
<engineerTo>
<item key="6067B239-EF0A-E2F2-9DCC-7DF022C46DFB" value="true"/>
</engineerTo>
<pk>true</pk>
<usedAttributes>
<attributeRef>3E716910-1CC3-5197-4A4D-C61D80AA2644</attributeRef>
</usedAttributes>
</identifier>
</identifiers>
</Entity>